key,0,1,2,3,4,5,6,7,8,9,10,11,12,13
#,,,,,,,,,,,,,,
offset,24,34,28,32,0,16,4,17,18,19,20,21,8,12
int32,uint32,int16,int32,uint16,str,sbyte,str,sbyte,sbyte,sbyte,sbyte,sbyte,str,str
0,0,-1,0,0,"",0,"",0,0,1,0,0,"",""
1,71037,0,200049,0,"橢圓眼鏡",0,"",0,0,1,0,0,"基礎色的面部配飾。","橢圓眼鏡"
2,136573,0,200053,0,"銀框橢圓眼鏡",0,"",0,0,1,0,0,"銀色的面部配飾。","銀框橢圓眼鏡"
3,202109,0,200052,0,"金框橢圓眼鏡",0,"",0,0,1,0,0,"金色的面部配飾。","金框橢圓眼鏡"
4,267645,0,200054,0,"黑框橢圓眼鏡",0,"",0,0,1,0,0,"黑色的面部配飾。","黑框橢圓眼鏡"
5,333181,0,200059,0,"白框橢圓眼鏡",0,"",0,0,1,0,0,"白色的面部配飾。","白框橢圓眼鏡"
6,398717,0,200050,0,"灰框橢圓眼鏡",0,"",0,0,1,0,0,"灰色的面部配飾。","灰框橢圓眼鏡"
7,464253,0,200057,0,"紅框橢圓眼鏡",0,"",0,0,1,0,0,"紅色的面部配飾。","紅框橢圓眼鏡"
8,529789,0,200056,0,"藍框橢圓眼鏡",0,"",0,0,1,0,0,"藍色的面部配飾。","藍框橢圓眼鏡"
9,595325,0,200060,0,"綠框橢圓眼鏡",0,"",0,0,1,0,0,"綠色的面部配飾。","綠框橢圓眼鏡"
10,660861,0,200051,0,"銅框橢圓眼鏡",0,"",0,0,1,0,0,"銅色的面部配飾。","銅框橢圓眼鏡"
11,726397,0,200055,0,"紫框橢圓眼鏡",0,"",0,0,1,0,0,"紫色的面部配飾。","紫框橢圓眼鏡"
12,791933,0,200058,0,"棕框橢圓眼鏡",0,"",0,0,1,0,0,"棕色的面部配飾。","棕框橢圓眼鏡"
13,71038,1,200085,0,"金邊墨鏡",0,"",0,0,1,0,0,"基礎色的面部配飾。","金邊墨鏡"
14,136574,1,200089,0,"銀框金邊墨鏡",0,"",0,0,1,0,0,"銀色的面部配飾。","銀框金邊墨鏡"
15,202110,1,200088,0,"金框金邊墨鏡",0,"",0,0,1,0,0,"金色的面部配飾。","金框金邊墨鏡"
16,267646,1,200090,0,"黑框金邊墨鏡",0,"",0,0,1,0,0,"黑色的面部配飾。","黑框金邊墨鏡"
17,333182,1,200095,0,"白框金邊墨鏡",0,"",0,0,1,0,0,"白色的面部配飾。","白框金邊墨鏡"
18,398718,1,200086,0,"灰框金邊墨鏡",0,"",0,0,1,0,0,"灰色的面部配飾。","灰框金邊墨鏡"
19,464254,1,200093,0,"紅框金邊墨鏡",0,"",0,0,1,0,0,"紅色的面部配飾。","紅框金邊墨鏡"
20,529790,1,200092,0,"藍框金邊墨鏡",0,"",0,0,1,0,0,"藍色的面部配飾。","藍框金邊墨鏡"
21,595326,1,200096,0,"綠框金邊墨鏡",0,"",0,0,1,0,0,"綠色的面部配飾。","綠框金邊墨鏡"
22,660862,1,200087,0,"銅框金邊墨鏡",0,"",0,0,1,0,0,"銅色的面部配飾。","銅框金邊墨鏡"
23,726398,1,200091,0,"紫框金邊墨鏡",0,"",0,0,1,0,0,"紫色的面部配飾。","紫框金邊墨鏡"
24,791934,1,200094,0,"棕框金邊墨鏡",0,"",0,0,1,0,0,"棕色的面部配飾。","棕框金邊墨鏡"
25,71039,2,200061,0,"經典眼鏡",0,"",0,0,1,0,0,"基礎色的面部配飾。","經典眼鏡"
26,136575,2,200065,0,"銀框經典眼鏡",0,"",0,0,1,0,0,"銀色的面部配飾。","銀框經典眼鏡"
27,202111,2,200064,0,"金框經典眼鏡",0,"",0,0,1,0,0,"金色的面部配飾。","金框經典眼鏡"
28,267647,2,200066,0,"黑框經典眼鏡",0,"",0,0,1,0,0,"黑色的面部配飾。","黑框經典眼鏡"
29,333183,2,200071,0,"白框經典眼鏡",0,"",0,0,1,0,0,"白色的面部配飾。","白框經典眼鏡"
30,398719,2,200062,0,"灰框經典眼鏡",0,"",0,0,1,0,0,"灰色的面部配飾。","灰框經典眼鏡"
31,464255,2,200069,0,"紅框經典眼鏡",0,"",0,0,1,0,0,"紅色的面部配飾。","紅框經典眼鏡"
32,529791,2,200068,0,"藍框經典眼鏡",0,"",0,0,1,0,0,"藍色的面部配飾。","藍框經典眼鏡"
33,595327,2,200072,0,"綠框經典眼鏡",0,"",0,0,1,0,0,"綠色的面部配飾。","綠框經典眼鏡"
34,660863,2,200063,0,"銅框經典眼鏡",0,"",0,0,1,0,0,"銅色的面部配飾。","銅框經典眼鏡"
35,726399,2,200067,0,"紫框經典眼鏡",0,"",0,0,1,0,0,"紫色的面部配飾。","紫框經典眼鏡"
36,791935,2,200070,0,"棕框經典眼鏡",0,"",0,0,1,0,0,"棕色的面部配飾。","棕框經典眼鏡"
37,71040,3,200013,0,"玫瑰色眼鏡",0,"",0,0,1,0,0,"基礎色的面部配飾。","玫瑰色眼鏡"
38,136576,3,200017,0,"銀框玫瑰色眼鏡",0,"",0,0,1,0,0,"銀色的面部配飾。","銀框玫瑰色眼鏡"
39,202112,3,200016,0,"金框玫瑰色眼鏡",0,"",0,0,1,0,0,"金色的面部配飾。","金框玫瑰色眼鏡"
40,267648,3,200018,0,"黑框玫瑰色眼鏡",0,"",0,0,1,0,0,"黑色的面部配飾。","黑框玫瑰色眼鏡"
41,333184,3,200023,0,"白框玫瑰色眼鏡",0,"",0,0,1,0,0,"白色的面部配飾。","白框玫瑰色眼鏡"
42,398720,3,200014,0,"灰框玫瑰色眼鏡",0,"",0,0,1,0,0,"灰色的面部配飾。","灰框玫瑰色眼鏡"
43,464256,3,200021,0,"紅框玫瑰色眼鏡",0,"",0,0,1,0,0,"紅色的面部配飾。","紅框玫瑰色眼鏡"
44,529792,3,200020,0,"藍框玫瑰色眼鏡",0,"",0,0,1,0,0,"藍色的面部配飾。","藍框玫瑰色眼鏡"
45,595328,3,200024,0,"綠框玫瑰色眼鏡",0,"",0,0,1,0,0,"綠色的面部配飾。","綠框玫瑰色眼鏡"
46,660864,3,200015,0,"銅框玫瑰色眼鏡",0,"",0,0,1,0,0,"銅色的面部配飾。","銅框玫瑰色眼鏡"
47,726400,3,200019,0,"紫框玫瑰色眼鏡",0,"",0,0,1,0,0,"紫色的面部配飾。","紫框玫瑰色眼鏡"
48,791936,3,200022,0,"棕框玫瑰色眼鏡",0,"",0,0,1,0,0,"棕色的面部配飾。","棕框玫瑰色眼鏡"
49,71041,4,200001,0,"基礎款眼鏡",0,"",0,0,1,0,0,"基礎色的面部配飾。","基礎款眼鏡"
50,136577,4,200005,0,"銀框基礎款眼鏡",0,"",0,0,1,0,0,"銀色的面部配飾。","銀框基礎款眼鏡"
51,202113,4,200004,0,"金框基礎款眼鏡",0,"",0,0,1,0,0,"金色的面部配飾。","金框基礎款眼鏡"
52,267649,4,200006,0,"黑框基礎款眼鏡",0,"",0,0,1,0,0,"黑色的面部配飾。","黑框基礎款眼鏡"
53,333185,4,200011,0,"白框基礎款眼鏡",0,"",0,0,1,0,0,"白色的面部配飾。","白框基礎款眼鏡"
54,398721,4,200002,0,"灰框基礎款眼鏡",0,"",0,0,1,0,0,"灰色的面部配飾。","灰框基礎款眼鏡"
55,464257,4,200009,0,"紅框基礎款眼鏡",0,"",0,0,1,0,0,"紅色的面部配飾。","紅框基礎款眼鏡"
56,529793,4,200008,0,"藍框基礎款眼鏡",0,"",0,0,1,0,0,"藍色的面部配飾。","藍框基礎款眼鏡"
57,595329,4,200012,0,"綠框基礎款眼鏡",0,"",0,0,1,0,0,"綠色的面部配飾。","綠框基礎款眼鏡"
58,660865,4,200003,0,"銅框基礎款眼鏡",0,"",0,0,1,0,0,"銅色的面部配飾。","銅框基礎款眼鏡"
59,726401,4,200007,0,"紫框基礎款眼鏡",0,"",0,0,1,0,0,"紫色的面部配飾。","紫框基礎款眼鏡"
60,791937,4,200010,0,"棕框基礎款眼鏡",0,"",0,0,1,0,0,"棕色的面部配飾。","棕框基礎款眼鏡"
61,71042,5,200025,0,"單眼鏡",0,"",0,0,1,0,0,"基礎色的面部配飾。","單眼鏡"
62,136578,5,200029,0,"銀框單眼鏡",0,"",0,0,1,0,0,"銀色的面部配飾。","銀框單眼鏡"
63,202114,5,200028,0,"金框單眼鏡",0,"",0,0,1,0,0,"金色的面部配飾。","金框單眼鏡"
64,267650,5,200030,0,"黑框單眼鏡",0,"",0,0,1,0,0,"黑色的面部配飾。","黑框單眼鏡"
65,333186,5,200035,0,"白框單眼鏡",0,"",0,0,1,0,0,"白色的面部配飾。","白框單眼鏡"
66,398722,5,200026,0,"灰框單眼鏡",0,"",0,0,1,0,0,"灰色的面部配飾。","灰框單眼鏡"
67,464258,5,200033,0,"紅框單眼鏡",0,"",0,0,1,0,0,"紅色的面部配飾。","紅框單眼鏡"
68,529794,5,200032,0,"藍框單眼鏡",0,"",0,0,1,0,0,"藍色的面部配飾。","藍框單眼鏡"
69,595330,5,200036,0,"綠框單眼鏡",0,"",0,0,1,0,0,"綠色的面部配飾。","綠框單眼鏡"
70,660866,5,200027,0,"銅框單眼鏡",0,"",0,0,1,0,0,"銅色的面部配飾。","銅框單眼鏡"
71,726402,5,200031,0,"紫框單眼鏡",0,"",0,0,1,0,0,"紫色的面部配飾。","紫框單眼鏡"
72,791938,5,200034,0,"棕框單眼鏡",0,"",0,0,1,0,0,"棕色的面部配飾。","棕框單眼鏡"
73,71043,6,200037,0,"現代鼻眼鏡",0,"",0,0,1,0,0,"基礎色的面部配飾。","現代鼻眼鏡"
74,136579,6,200041,0,"銀框現代鼻眼鏡",0,"",0,0,1,0,0,"銀色的面部配飾。","銀框現代鼻眼鏡"
75,202115,6,200040,0,"金框現代鼻眼鏡",0,"",0,0,1,0,0,"金色的面部配飾。","金框現代鼻眼鏡"
76,267651,6,200042,0,"黑框現代鼻眼鏡",0,"",0,0,1,0,0,"黑色的面部配飾。","黑框現代鼻眼鏡"
77,333187,6,200047,0,"白框現代鼻眼鏡",0,"",0,0,1,0,0,"白色的面部配飾。","白框現代鼻眼鏡"
78,398723,6,200038,0,"灰框現代鼻眼鏡",0,"",0,0,1,0,0,"灰色的面部配飾。","灰框現代鼻眼鏡"
79,464259,6,200045,0,"紅框現代鼻眼鏡",0,"",0,0,1,0,0,"紅色的面部配飾。","紅框現代鼻眼鏡"
80,529795,6,200044,0,"藍框現代鼻眼鏡",0,"",0,0,1,0,0,"藍色的面部配飾。","藍框現代鼻眼鏡"
81,595331,6,200048,0,"綠框現代鼻眼鏡",0,"",0,0,1,0,0,"綠色的面部配飾。","綠框現代鼻眼鏡"
82,660867,6,200039,0,"銅框現代鼻眼鏡",0,"",0,0,1,0,0,"銅色的面部配飾。","銅框現代鼻眼鏡"
83,726403,6,200043,0,"紫框現代鼻眼鏡",0,"",0,0,1,0,0,"紫色的面部配飾。","紫框現代鼻眼鏡"
84,791939,6,200046,0,"棕框現代鼻眼鏡",0,"",0,0,1,0,0,"棕色的面部配飾。","棕框現代鼻眼鏡"
85,71044,7,200097,0,"無框眼鏡",0,"",0,0,1,0,0,"基礎色的面部配飾。","無框眼鏡"
86,136580,7,200101,0,"銀色無框眼鏡",0,"",0,0,1,0,0,"銀色的面部配飾。","銀色無框眼鏡"
87,202116,7,200100,0,"金色無框眼鏡",0,"",0,0,1,0,0,"金色的面部配飾。","金色無框眼鏡"
88,267652,7,200102,0,"黑色無框眼鏡",0,"",0,0,1,0,0,"黑色的面部配飾。","黑色無框眼鏡"
89,333188,7,200107,0,"白色無框眼鏡",0,"",0,0,1,0,0,"白色的面部配飾。","白色無框眼鏡"
90,398724,7,200098,0,"灰色無框眼鏡",0,"",0,0,1,0,0,"灰色的面部配飾。","灰色無框眼鏡"
91,464260,7,200105,0,"紅色無框眼鏡",0,"",0,0,1,0,0,"紅色的面部配飾。","紅色無框眼鏡"
92,529796,7,200104,0,"藍色無框眼鏡",0,"",0,0,1,0,0,"藍色的面部配飾。","藍色無框眼鏡"
93,595332,7,200108,0,"綠色無框眼鏡",0,"",0,0,1,0,0,"綠色的面部配飾。","綠色無框眼鏡"
94,660868,7,200099,0,"銅色無框眼鏡",0,"",0,0,1,0,0,"銅色的面部配飾。","銅色無框眼鏡"
95,726404,7,200103,0,"紫色無框眼鏡",0,"",0,0,1,0,0,"紫色的面部配飾。","紫色無框眼鏡"
96,791940,7,200106,0,"棕色無框眼鏡",0,"",0,0,1,0,0,"棕色的面部配飾。","棕色無框眼鏡"
97,71045,8,200109,0,"粗框眼鏡",0,"",0,0,1,0,0,"基礎色的面部配飾。","粗框眼鏡"
98,136581,8,200113,0,"銀色粗框眼鏡",0,"",0,0,1,0,0,"銀色的面部配飾。","銀色粗框眼鏡"
99,202117,8,200112,0,"金色粗框眼鏡",0,"",0,0,1,0,0,"金色的面部配飾。","金色粗框眼鏡"
100,267653,8,200114,0,"黑色粗框眼鏡",0,"",0,0,1,0,0,"黑色的面部配飾。","黑色粗框眼鏡"
101,333189,8,200119,0,"白色粗框眼鏡",0,"",0,0,1,0,0,"白色的面部配飾。","白色粗框眼鏡"
102,398725,8,200110,0,"灰色粗框眼鏡",0,"",0,0,1,0,0,"灰色的面部配飾。","灰色粗框眼鏡"
103,464261,8,200117,0,"紅色粗框眼鏡",0,"",0,0,1,0,0,"紅色的面部配飾。","紅色粗框眼鏡"
104,529797,8,200116,0,"藍色粗框眼鏡",0,"",0,0,1,0,0,"藍色的面部配飾。","藍色粗框眼鏡"
105,595333,8,200120,0,"綠色粗框眼鏡",0,"",0,0,1,0,0,"綠色的面部配飾。","綠色粗框眼鏡"
106,660869,8,200111,0,"銅色粗框眼鏡",0,"",0,0,1,0,0,"銅色的面部配飾。","銅色粗框眼鏡"
107,726405,8,200115,0,"紫色粗框眼鏡",0,"",0,0,1,0,0,"紫色的面部配飾。","紫色粗框眼鏡"
108,791941,8,200118,0,"棕色粗框眼鏡",0,"",0,0,1,0,0,"棕色的面部配飾。","棕色粗框眼鏡"
109,71046,9,200073,0,"藝術眼鏡",0,"",0,0,1,0,0,"基礎色的面部配飾。","藝術眼鏡"
110,136582,9,200077,0,"銀框藝術眼鏡",0,"",0,0,1,0,0,"銀色的面部配飾。","銀框藝術眼鏡"
111,202118,9,200076,0,"金框藝術眼鏡",0,"",0,0,1,0,0,"金色的面部配飾。","金框藝術眼鏡"
112,267654,9,200078,0,"黑框藝術眼鏡",0,"",0,0,1,0,0,"黑色的面部配飾。","黑框藝術眼鏡"
113,333190,9,200083,0,"白框藝術眼鏡",0,"",0,0,1,0,0,"白色的面部配飾。","白框藝術眼鏡"
114,398726,9,200074,0,"灰框藝術眼鏡",0,"",0,0,1,0,0,"灰色的面部配飾。","灰框藝術眼鏡"
115,464262,9,200081,0,"紅框藝術眼鏡",0,"",0,0,1,0,0,"紅色的面部配飾。","紅框藝術眼鏡"
116,529798,9,200080,0,"藍框藝術眼鏡",0,"",0,0,1,0,0,"藍色的面部配飾。","藍框藝術眼鏡"
117,595334,9,200084,0,"綠框藝術眼鏡",0,"",0,0,1,0,0,"綠色的面部配飾。","綠框藝術眼鏡"
118,660870,9,200075,0,"銅框藝術眼鏡",0,"",0,0,1,0,0,"銅色的面部配飾。","銅框藝術眼鏡"
119,726406,9,200079,0,"紫框藝術眼鏡",0,"",0,0,1,0,0,"紫色的面部配飾。","紫框藝術眼鏡"
120,791942,9,200082,0,"棕框藝術眼鏡",0,"",0,0,1,0,0,"棕色的面部配飾。","棕框藝術眼鏡"
121,71047,10,200121,0,"鼻眼鏡",0,"",0,0,1,0,0,"カラー：プレーンのフェイスアクセサリー","鼻眼鏡"
122,136583,10,200122,0,"パンスネ:シルバー",0,"",0,0,1,0,0,"カラー：シルバーのフェイスアクセサリー","パンスネ:シルバー"
123,202119,10,200123,0,"パンスネ:ゴールド",0,"",0,0,1,0,0,"カラー：ゴールドのフェイスアクセサリー","パンスネ:ゴールド"
124,267655,10,200124,0,"パンスネ:ブラック",0,"",0,0,1,0,0,"カラー：ブラックのフェイスアクセサリー","パンスネ:ブラック"
125,333191,10,200125,0,"パンスネ:ホワイト",0,"",0,0,1,0,0,"カラー：ホワイトのフェイスアクセサリー","パンスネ:ホワイト"
126,398727,10,200126,0,"パンスネ:グレー",0,"",0,0,1,0,0,"カラー：グレーのフェイスアクセサリー","パンスネ:グレー"
127,464263,10,200127,0,"パンスネ:レッド",0,"",0,0,1,0,0,"カラー：レッドのフェイスアクセサリー","パンスネ:レッド"
128,529799,10,200128,0,"パンスネ:ブルー",0,"",0,0,1,0,0,"カラー：ブルーのフェイスアクセサリー","パンスネ:ブルー"
129,595335,10,200129,0,"パンスネ:グリーン",0,"",0,0,1,0,0,"カラー：グリーンのフェイスアクセサリー","パンスネ:グリーン"
130,660871,10,200130,0,"パンスネ:ブラス",0,"",0,0,1,0,0,"カラー：ブラスのフェイスアクセサリー","パンスネ:ブラス"
131,726407,10,200131,0,"パンスネ:パープル",0,"",0,0,1,0,0,"カラー：パープルのフェイスアクセサリー","パンスネ:パープル"
132,791943,10,200132,0,"パンスネ:ブラウン",0,"",0,0,1,0,0,"カラー：ブラウンのフェイスアクセサリー","パンスネ:ブラウン"
133,71048,11,200133,0,"マグニファイアーズ",0,"",0,0,1,0,0,"カラー：プレーンのフェイスアクセサリー","マグニファイアーズ"
134,136584,11,200134,0,"マグニファイアーズ:シルバー",0,"",0,0,1,0,0,"カラー：シルバーのフェイスアクセサリー","マグニファイアーズ:シルバー"
135,202120,11,200135,0,"マグニファイアーズ:ゴールド",0,"",0,0,1,0,0,"カラー：ゴールドのフェイスアクセサリー","マグニファイアーズ:ゴールド"
136,267656,11,200136,0,"マグニファイアーズ:ブラック",0,"",0,0,1,0,0,"カラー：ブラックのフェイスアクセサリー","マグニファイアーズ:ブラック"
137,333192,11,200137,0,"マグニファイアーズ:ホワイト",0,"",0,0,1,0,0,"カラー：ホワイトのフェイスアクセサリー","マグニファイアーズ:ホワイト"
138,398728,11,200138,0,"マグニファイアーズ:グレー",0,"",0,0,1,0,0,"カラー：グレーのフェイスアクセサリー","マグニファイアーズ:グレー"
139,464264,11,200139,0,"マグニファイアーズ:レッド",0,"",0,0,1,0,0,"カラー：レッドのフェイスアクセサリー","マグニファイアーズ:レッド"
140,529800,11,200140,0,"マグニファイアーズ:ブルー",0,"",0,0,1,0,0,"カラー：ブルーのフェイスアクセサリー","マグニファイアーズ:ブルー"
141,595336,11,200141,0,"マグニファイアーズ:グリーン",0,"",0,0,1,0,0,"カラー：グリーンのフェイスアクセサリー","マグニファイアーズ:グリーン"
142,660872,11,200142,0,"マグニファイアーズ:ブラス",0,"",0,0,1,0,0,"カラー：ブラスのフェイスアクセサリー","マグニファイアーズ:ブラス"
143,726408,11,200143,0,"マグニファイアーズ:パープル",0,"",0,0,1,0,0,"カラー：パープルのフェイスアクセサリー","マグニファイアーズ:パープル"
144,791944,11,200144,0,"マグニファイアーズ:ブラウン",0,"",0,0,1,0,0,"カラー：ブラウンのフェイスアクセサリー","マグニファイアーズ:ブラウン"
145,71049,12,200145,0,"ブラスゴーグル",0,"",0,0,1,0,0,"カラー：プレーンのフェイスアクセサリー","ブラスゴーグル"
146,136585,12,200146,0,"ブラスゴーグル:シルバー",0,"",0,0,1,0,0,"カラー：シルバーのフェイスアクセサリー","ブラスゴーグル:シルバー"
147,202121,12,200147,0,"ブラスゴーグル:ゴールド",0,"",0,0,1,0,0,"カラー：ゴールドのフェイスアクセサリー","ブラスゴーグル:ゴールド"
148,267657,12,200148,0,"ブラスゴーグル:ブラック",0,"",0,0,1,0,0,"カラー：ブラックのフェイスアクセサリー","ブラスゴーグル:ブラック"
149,333193,12,200149,0,"ブラスゴーグル:ホワイト",0,"",0,0,1,0,0,"カラー：ホワイトのフェイスアクセサリー","ブラスゴーグル:ホワイト"
150,398729,12,200150,0,"ブラスゴーグル:グレー",0,"",0,0,1,0,0,"カラー：グレーのフェイスアクセサリー","ブラスゴーグル:グレー"
151,464265,12,200151,0,"ブラスゴーグル:レッド",0,"",0,0,1,0,0,"カラー：レッドのフェイスアクセサリー","ブラスゴーグル:レッド"
152,529801,12,200152,0,"ブラスゴーグル:ブルー",0,"",0,0,1,0,0,"カラー：ブルーのフェイスアクセサリー","ブラスゴーグル:ブルー"
153,595337,12,200153,0,"ブラスゴーグル:グリーン",0,"",0,0,1,0,0,"カラー：グリーンのフェイスアクセサリー","ブラスゴーグル:グリーン"
154,660873,12,200154,0,"ブラスゴーグル:ブラス",0,"",0,0,1,0,0,"カラー：ブラスのフェイスアクセサリー","ブラスゴーグル:ブラス"
155,726409,12,200155,0,"ブラスゴーグル:パープル",0,"",0,0,1,0,0,"カラー：パープルのフェイスアクセサリー","ブラスゴーグル:パープル"
156,791945,12,200156,0,"ブラスゴーグル:ブラウン",0,"",0,0,1,0,0,"カラー：ブラウンのフェイスアクセサリー","ブラスゴーグル:ブラウン"
157,71050,13,200157,0,"アンダーリムグラス",0,"",0,0,1,0,0,"カラー：プレーンのフェイスアクセサリー","アンダーリムグラス"
158,136586,13,200158,0,"アンダーリムグラス:シルバー",0,"",0,0,1,0,0,"カラー：シルバーのフェイスアクセサリー","アンダーリムグラス:シルバー"
159,202122,13,200159,0,"アンダーリムグラス:ゴールド",0,"",0,0,1,0,0,"カラー：ゴールドのフェイスアクセサリー","アンダーリムグラス:ゴールド"
160,267658,13,200160,0,"アンダーリムグラス:ブラック",0,"",0,0,1,0,0,"カラー：ブラックのフェイスアクセサリー","アンダーリムグラス:ブラック"
161,333194,13,200161,0,"アンダーリムグラス:ホワイト",0,"",0,0,1,0,0,"カラー：ホワイトのフェイスアクセサリー","アンダーリムグラス:ホワイト"
162,398730,13,200162,0,"アンダーリムグラス:グレー",0,"",0,0,1,0,0,"カラー：グレーのフェイスアクセサリー","アンダーリムグラス:グレー"
163,464266,13,200163,0,"アンダーリムグラス:レッド",0,"",0,0,1,0,0,"カラー：レッドのフェイスアクセサリー","アンダーリムグラス:レッド"
164,529802,13,200164,0,"アンダーリムグラス:ブルー",0,"",0,0,1,0,0,"カラー：ブルーのフェイスアクセサリー","アンダーリムグラス:ブルー"
165,595338,13,200165,0,"アンダーリムグラス:グリーン",0,"",0,0,1,0,0,"カラー：グリーンのフェイスアクセサリー","アンダーリムグラス:グリーン"
166,660874,13,200166,0,"アンダーリムグラス:ブラス",0,"",0,0,1,0,0,"カラー：ブラスのフェイスアクセサリー","アンダーリムグラス:ブラス"
167,726410,13,200167,0,"アンダーリムグラス:パープル",0,"",0,0,1,0,0,"カラー：パープルのフェイスアクセサリー","アンダーリムグラス:パープル"
168,791946,13,200168,0,"アンダーリムグラス:ブラウン",0,"",0,0,1,0,0,"カラー：ブラウンのフェイスアクセサリー","アンダーリムグラス:ブラウン"
169,71051,14,200169,0,"橢圓讀書眼鏡",0,"",0,0,1,0,0,"カラー：プレーンのフェイスアクセサリー","橢圓讀書眼鏡"
170,136587,14,200170,0,"オーバルリーディンググラス:シルバー",0,"",0,0,1,0,0,"カラー：シルバーのフェイスアクセサリー","オーバルリーディンググラス:シルバー"
171,202123,14,200171,0,"オーバルリーディンググラス:ゴールド",0,"",0,0,1,0,0,"カラー：ゴールドのフェイスアクセサリー","オーバルリーディンググラス:ゴールド"
172,267659,14,200172,0,"オーバルリーディンググラス:ブラック",0,"",0,0,1,0,0,"カラー：ブラックのフェイスアクセサリー","オーバルリーディンググラス:ブラック"
173,333195,14,200173,0,"オーバルリーディンググラス:ホワイト",0,"",0,0,1,0,0,"カラー：ホワイトのフェイスアクセサリー","オーバルリーディンググラス:ホワイト"
174,398731,14,200174,0,"オーバルリーディンググラス:グレー",0,"",0,0,1,0,0,"カラー：グレーのフェイスアクセサリー","オーバルリーディンググラス:グレー"
175,464267,14,200175,0,"オーバルリーディンググラス:レッド",0,"",0,0,1,0,0,"カラー：レッドのフェイスアクセサリー","オーバルリーディンググラス:レッド"
176,529803,14,200176,0,"オーバルリーディンググラス:ブルー",0,"",0,0,1,0,0,"カラー：ブルーのフェイスアクセサリー","オーバルリーディンググラス:ブルー"
177,595339,14,200177,0,"オーバルリーディンググラス:グリーン",0,"",0,0,1,0,0,"カラー：グリーンのフェイスアクセサリー","オーバルリーディンググラス:グリーン"
178,660875,14,200178,0,"オーバルリーディンググラス:ブラス",0,"",0,0,1,0,0,"カラー：ブラスのフェイスアクセサリー","オーバルリーディンググラス:ブラス"
179,726411,14,200179,0,"オーバルリーディンググラス:パープル",0,"",0,0,1,0,0,"カラー：パープルのフェイスアクセサリー","オーバルリーディンググラス:パープル"
180,791947,14,200180,0,"オーバルリーディンググラス:ブラウン",0,"",0,0,1,0,0,"カラー：ブラウンのフェイスアクセサリー","オーバルリーディンググラス:ブラウン"
181,71052,15,200181,0,"典雅無框眼鏡",0,"",0,0,1,0,0,"カラー：プレーンのフェイスアクセサリー","典雅無框眼鏡"
182,136588,15,200182,0,"エレガント・リムレスグラス:シルバー",0,"",0,0,1,0,0,"カラー：シルバーのフェイスアクセサリー","エレガント・リムレスグラス:シルバー"
183,202124,15,200183,0,"エレガント・リムレスグラス:ゴールド",0,"",0,0,1,0,0,"カラー：ゴールドのフェイスアクセサリー","エレガント・リムレスグラス:ゴールド"
184,267660,15,200184,0,"エレガント・リムレスグラス:ブラック",0,"",0,0,1,0,0,"カラー：ブラックのフェイスアクセサリー","エレガント・リムレスグラス:ブラック"
185,333196,15,200185,0,"エレガント・リムレスグラス:ホワイト",0,"",0,0,1,0,0,"カラー：ホワイトのフェイスアクセサリー","エレガント・リムレスグラス:ホワイト"
186,398732,15,200186,0,"エレガント・リムレスグラス:グレー",0,"",0,0,1,0,0,"カラー：グレーのフェイスアクセサリー","エレガント・リムレスグラス:グレー"
187,464268,15,200187,0,"エレガント・リムレスグラス:レッド",0,"",0,0,1,0,0,"カラー：レッドのフェイスアクセサリー","エレガント・リムレスグラス:レッド"
188,529804,15,200188,0,"エレガント・リムレスグラス:ブルー",0,"",0,0,1,0,0,"カラー：ブルーのフェイスアクセサリー","エレガント・リムレスグラス:ブルー"
189,595340,15,200189,0,"エレガント・リムレスグラス:グリーン",0,"",0,0,1,0,0,"カラー：グリーンのフェイスアクセサリー","エレガント・リムレスグラス:グリーン"
190,660876,15,200190,0,"エレガント・リムレスグラス:ブラス",0,"",0,0,1,0,0,"カラー：ブラスのフェイスアクセサリー","エレガント・リムレスグラス:ブラス"
191,726412,15,200191,0,"エレガント・リムレスグラス:パープル",0,"",0,0,1,0,0,"カラー：パープルのフェイスアクセサリー","エレガント・リムレスグラス:パープル"
192,791948,15,200192,0,"エレガント・リムレスグラス:ブラウン",0,"",0,0,1,0,0,"カラー：ブラウンのフェイスアクセサリー","エレガント・リムレスグラス:ブラウン"
193,71053,16,200193,0,"キャットアイグラス",0,"",0,0,1,0,0,"カラー：プレーンのフェイスアクセサリー","キャットアイグラス"
194,136589,16,200194,0,"キャットアイグラス:シルバー",0,"",0,0,1,0,0,"カラー：シルバーのフェイスアクセサリー","キャットアイグラス:シルバー"
195,202125,16,200195,0,"キャットアイグラス:ゴールド",0,"",0,0,1,0,0,"カラー：ゴールドのフェイスアクセサリー","キャットアイグラス:ゴールド"
196,267661,16,200196,0,"キャットアイグラス:ブラック",0,"",0,0,1,0,0,"カラー：ブラックのフェイスアクセサリー","キャットアイグラス:ブラック"
197,333197,16,200197,0,"キャットアイグラス:ホワイト",0,"",0,0,1,0,0,"カラー：ホワイトのフェイスアクセサリー","キャットアイグラス:ホワイト"
198,398733,16,200198,0,"キャットアイグラス:グレー",0,"",0,0,1,0,0,"カラー：グレーのフェイスアクセサリー","キャットアイグラス:グレー"
199,464269,16,200199,0,"キャットアイグラス:レッド",0,"",0,0,1,0,0,"カラー：レッドのフェイスアクセサリー","キャットアイグラス:レッド"
200,529805,16,200200,0,"キャットアイグラス:ブルー",0,"",0,0,1,0,0,"カラー：ブルーのフェイスアクセサリー","キャットアイグラス:ブルー"
201,595341,16,200201,0,"キャットアイグラス:グリーン",0,"",0,0,1,0,0,"カラー：グリーンのフェイスアクセサリー","キャットアイグラス:グリーン"
202,660877,16,200202,0,"キャットアイグラス:ブラス",0,"",0,0,1,0,0,"カラー：ブラスのフェイスアクセサリー","キャットアイグラス:ブラス"
203,726413,16,200203,0,"キャットアイグラス:パープル",0,"",0,0,1,0,0,"カラー：パープルのフェイスアクセサリー","キャットアイグラス:パープル"
204,791949,16,200204,0,"キャットアイグラス:ブラウン",0,"",0,0,1,0,0,"カラー：ブラウンのフェイスアクセサリー","キャットアイグラス:ブラウン"
205,71054,17,200205,0,"スリムフレームグラス",0,"",0,0,1,0,0,"カラー：プレーンのフェイスアクセサリー","スリムフレームグラス"
206,136590,17,200206,0,"スリムフレームグラス:シルバー",0,"",0,0,1,0,0,"カラー：シルバーのフェイスアクセサリー","スリムフレームグラス:シルバー"
207,202126,17,200207,0,"スリムフレームグラス:ゴールド",0,"",0,0,1,0,0,"カラー：ゴールドのフェイスアクセサリー","スリムフレームグラス:ゴールド"
208,267662,17,200208,0,"スリムフレームグラス:ブラック",0,"",0,0,1,0,0,"カラー：ブラックのフェイスアクセサリー","スリムフレームグラス:ブラック"
209,333198,17,200209,0,"スリムフレームグラス:ホワイト",0,"",0,0,1,0,0,"カラー：ホワイトのフェイスアクセサリー","スリムフレームグラス:ホワイト"
210,398734,17,200210,0,"スリムフレームグラス:グレー",0,"",0,0,1,0,0,"カラー：グレーのフェイスアクセサリー","スリムフレームグラス:グレー"
211,464270,17,200211,0,"スリムフレームグラス:レッド",0,"",0,0,1,0,0,"カラー：レッドのフェイスアクセサリー","スリムフレームグラス:レッド"
212,529806,17,200212,0,"スリムフレームグラス:ブルー",0,"",0,0,1,0,0,"カラー：ブルーのフェイスアクセサリー","スリムフレームグラス:ブルー"
213,595342,17,200213,0,"スリムフレームグラス:グリーン",0,"",0,0,1,0,0,"カラー：グリーンのフェイスアクセサリー","スリムフレームグラス:グリーン"
214,660878,17,200214,0,"スリムフレームグラス:ブラス",0,"",0,0,1,0,0,"カラー：ブラスのフェイスアクセサリー","スリムフレームグラス:ブラス"
215,726414,17,200215,0,"スリムフレームグラス:パープル",0,"",0,0,1,0,0,"カラー：パープルのフェイスアクセサリー","スリムフレームグラス:パープル"
216,791950,17,200216,0,"スリムフレームグラス:ブラウン",0,"",0,0,1,0,0,"カラー：ブラウンのフェイスアクセサリー","スリムフレームグラス:ブラウン"
